ID,Name,Email,Phone,City
dc5b7c47-3395-4808-9872-007de740e4fd,Clevey,ckhidr0@purevolume.com,+62 190 345 7495,Pune
6d0bbad0-5ab9-408b-8ee5-c711ff926e65,Valentino,vcuff1@zimbio.com,+62 105 237 9478,Delhi
7f00f9c0-1dd3-4f7e-a4b0-1417c11bcad9,Joye,jadamides2@google.co.jp,+63 307 998 9673,Delhi
368bf12b-7028-4d39-9394-10841a4d7d85,Bunny,btonner3@unc.edu,+86 562 728 4252,Mumbai
b8c98660-3308-440a-866b-6dda7244dac8,Ervin,emcanalley4@bigcartel.com,+62 670 648 2020,Pune
4f35b372-eb6d-4714-8234-fe8ddff99499,Honor,hjacobsson5@friendfeed.com,+420 560 494 7494,Delhi
4fd640da-f5ac-4f23-84f7-ed385d21a248,Viv,vhazeley6@1und1.de,+63 868 624 0494,Mumbai
6ddf70a3-8c48-4149-b5d4-3bdd434a43e2,Vail,vbockett7@gnu.org,+98 852 132 3273,Delhi
635c8eda-6897-46c2-bfee-f4e0bc55f6f8,Berty,bmacduff8@google.com,+86 313 448 3323,Pune
72b1f981-8218-4fbe-984f-cec56afa94ac,Jeniece,jtack9@eventbrite.com,+81 922 455 2761,Mumbai
